{
  "config": {
    "population_size": 60,
    "generations": 200,
    "selection": "tournament",
    "tournament_size": 3,
    "survivor_strategy": "elitism",
    "elitism_k": 2,
    "crossover": "one_point",
    "crossover_rate": 0.9,
    "mutation": "random_reset",
    "mutation_rate": 0.05,
    "init": "heuristic_seeded",
    "heuristic_seed_ratio": 0.3,
    "patience": 30
  },
  "algorithm": "ga",
  "tasks_n": 30,
  "vms_n": 6,
  "best": {
    "seed": 271005,
    "best_fitness": 7013.12630515166,
    "best_genome": [
      3,
      3,
      3,
      1,
      1,
      1,
      3,
      2,
      0,
      3,
      2,
      1,
      1,
      1,
      2,
      2,
      0,
      3,
      2,
      1,
      2,
      3,
      2,
      3,
      1,
      2,
      3,
      2,
      1,
      3
    ],
    "generations_ran": 112
  },
  "mean_best_fitness": 10583.873877965767,
  "runs": [
    {
      "seed": 914563,
      "best_fitness": 11041.570659620527,
      "best_genome": [
        4,
        4,
        4,
        1,
        3,
        0,
        0,
        2,
        2,
        4,
        1,
        0,
        2,
        1,
        2,
        0,
        0,
        1,
        0,
        0,
        3,
        4,
        1,
        4,
        1,
        1,
        4,
        4,
        4,
        5
      ],
      "generations_ran": 116
    },
    {
      "seed": 203948,
      "best_fitness": 13140.315575773571,
      "best_genome": [
        3,
        0,
        5,
        3,
        3,
        1,
        3,
        3,
        3,
        1,
        0,
        3,
        3,
        1,
        1,
        1,
        1,
        0,
        3,
        3,
        4,
        1,
        3,
        1,
        3,
        5,
        1,
        5,
        4,
        1
      ],
      "generations_ran": 152
    },
    {
      "seed": 778124,
      "best_fitness": 9009.88177880273,
      "best_genome": [
        1,
        3,
        4,
        1,
        5,
        2,
        0,
        4,
        0,
        0,
        5,
        2,
        4,
        1,
        4,
        1,
        5,
        5,
        4,
        1,
        0,
        3,
        4,
        0,
        4,
        1,
        1,
        0,
        1,
        5
      ],
      "generations_ran": 82
    },
    {
      "seed": 550021,
      "best_fitness": 10833.420178590593,
      "best_genome": [
        4,
        1,
        4,
        5,
        2,
        1,
        0,
        3,
        1,
        5,
        3,
        5,
        3,
        0,
        2,
        3,
        1,
        5,
        0,
        1,
        2,
        4,
        0,
        4,
        0,
        1,
        2,
        5,
        3,
        3
      ],
      "generations_ran": 127
    },
    {
      "seed": 991077,
      "best_fitness": 9616.125554699323,
      "best_genome": [
        0,
        1,
        5,
        3,
        1,
        1,
        1,
        5,
        1,
        1,
        1,
        5,
        4,
        0,
        3,
        3,
        3,
        3,
        4,
        5,
        5,
        4,
        5,
        5,
        3,
        3,
        1,
        1,
        0,
        3
      ],
      "generations_ran": 83
    },
    {
      "seed": 120039,
      "best_fitness": 8360.848691229943,
      "best_genome": [
        3,
        5,
        5,
        5,
        5,
        2,
        5,
        4,
        2,
        4,
        5,
        2,
        5,
        2,
        2,
        2,
        2,
        3,
        4,
        5,
        5,
        5,
        2,
        5,
        3,
        0,
        2,
        5,
        2,
        2
      ],
      "generations_ran": 104
    },
    {
      "seed": 440982,
      "best_fitness": 7935.216580738742,
      "best_genome": [
        3,
        0,
        3,
        2,
        4,
        1,
        4,
        1,
        3,
        2,
        2,
        4,
        2,
        5,
        3,
        3,
        2,
        4,
        4,
        3,
        1,
        4,
        3,
        2,
        3,
        3,
        4,
        0,
        4,
        4
      ],
      "generations_ran": 105
    },
    {
      "seed": 702115,
      "best_fitness": 10473.555876497714,
      "best_genome": [
        2,
        1,
        3,
        4,
        1,
        2,
        4,
        4,
        3,
        0,
        3,
        4,
        4,
        3,
        4,
        2,
        1,
        4,
        2,
        1,
        2,
        1,
        3,
        2,
        4,
        0,
        3,
        1,
        3,
        1
      ],
      "generations_ran": 114
    },
    {
      "seed": 318400,
      "best_fitness": 14714.30614604736,
      "best_genome": [
        5,
        4,
        0,
        5,
        3,
        3,
        5,
        0,
        1,
        3,
        2,
        1,
        4,
        2,
        1,
        2,
        1,
        0,
        2,
        2,
        3,
        4,
        3,
        4,
        3,
        5,
        3,
        1,
        2,
        4
      ],
      "generations_ran": 69
    },
    {
      "seed": 681233,
      "best_fitness": 8911.688389474664,
      "best_genome": [
        0,
        4,
        2,
        2,
        0,
        5,
        2,
        0,
        1,
        0,
        2,
        2,
        2,
        1,
        0,
        2,
        5,
        2,
        0,
        0,
        4,
        0,
        1,
        0,
        5,
        4,
        2,
        0,
        5,
        2
      ],
      "generations_ran": 90
    },
    {
      "seed": 410029,
      "best_fitness": 9710.315819743864,
      "best_genome": [
        0,
        0,
        4,
        5,
        3,
        3,
        0,
        4,
        5,
        0,
        4,
        2,
        2,
        0,
        5,
        4,
        4,
        3,
        4,
        0,
        5,
        2,
        3,
        3,
        1,
        2,
        4,
        5,
        0,
        4
      ],
      "generations_ran": 116
    },
    {
      "seed": 872104,
      "best_fitness": 7432.527857109133,
      "best_genome": [
        0,
        0,
        0,
        3,
        4,
        0,
        4,
        3,
        5,
        5,
        0,
        0,
        0,
        5,
        3,
        0,
        5,
        5,
        3,
        3,
        3,
        4,
        3,
        5,
        5,
        4,
        0,
        3,
        3,
        4
      ],
      "generations_ran": 74
    },
    {
      "seed": 150997,
      "best_fitness": 14716.661626148834,
      "best_genome": [
        4,
        1,
        3,
        3,
        4,
        1,
        1,
        3,
        1,
        4,
        4,
        3,
        4,
        0,
        1,
        1,
        1,
        4,
        4,
        0,
        4,
        4,
        5,
        4,
        1,
        3,
        4,
        1,
        1,
        1
      ],
      "generations_ran": 79
    },
    {
      "seed": 630512,
      "best_fitness": 16956.357158865852,
      "best_genome": [
        1,
        1,
        3,
        4,
        0,
        4,
        0,
        4,
        1,
        4,
        5,
        1,
        1,
        1,
        2,
        5,
        5,
        3,
        5,
        3,
        3,
        1,
        0,
        1,
        3,
        0,
        3,
        4,
        0,
        0
      ],
      "generations_ran": 113
    },
    {
      "seed": 290114,
      "best_fitness": 8424.96282302341,
      "best_genome": [
        2,
        2,
        5,
        0,
        5,
        4,
        1,
        0,
        2,
        5,
        0,
        4,
        4,
        5,
        5,
        2,
        5,
        0,
        5,
        4,
        5,
        1,
        0,
        1,
        0,
        2,
        2,
        4,
        4,
        1
      ],
      "generations_ran": 88
    },
    {
      "seed": 845221,
      "best_fitness": 10216.647034861558,